Year,State,Population  < 72 months old,# of Children Tested,Total  #  of Children with Confirmed BLL ≥10 µg/dL,% of Children Tested with Confirmed BLLs ≥10 µg/dL,5-9 µg/dL,≥5 µg/dL,10-14 µg/dL,15-19 µg/dL,20-24 µg/dL,25-44 µg/dL,45-69 µg/dL,≥70 µg/dL
1997,Alabama,357087,22875,1501,0.0656,,,890,410,120,76,5,0
1998,Alabama,352409,17827,988,0.0554,,,586,250,85,61,6,0
1999,Alabama,349592,17660,549,0.0311,,,344,114,44,41,6,0
2000,Alabama,356676,13719,315,0.023,,,205,62,20,21,7,0
2001,Alabama,357111,12107,642,0.053,,,392,129,62,54,5,0
2002,Alabama,357111,22495,454,0.0202,,,257,103,51,38,4,1
2003,Alabama,355715,21307,503,0.0236,,,299,107,50,42,4,1
2004,Alabama,357382,12833,370,0.0288,,,207,99,35,26,3,0
2005,Alabama,360396,19043,260,0.0137,,,157,58,28,13,4,0
2006,Alabama,365075,31961,345,0.0107944056819248,,,225,68,29,21,2,0
2007,Alabama,370240,36428,269,0.00738442968577147,,,175,60,14,19,1,0
2008,Alabama,374378,39174,243,0.00620309403166175,,,158,59,12,13,1,0
2009,Alabama,377117,19493,204,0.0105,,,131,43,14,15,1,0
2010,Alabama,365443,17088,122,0.0071,968,1090,81,21,9,9,2,0
2011,Alabama,363869,22349,119,0.00532462308183312,989,1108,70,23,13,12,1,0
2012,Alabama,360597,14744,109,0.00739283766597509,547,656,65,26,11,6,1,0
2013,Alabama,356565,29671,119,0.00401065032929182,888,1007,73,24,10,8,3,1
2014,Alabama,355222,24408,127,0.00520321214571595,653,780,79,32,4,11,0,1
2015,Alabama,354230,21798,101,0.00463345274329186,523,624,59,21,10,10,1,0
1997,Arizona,437505,N/A,N/A,N/A,,,N/A,N/A,N/A,N/A,N/A,N/A
1998,Arizona,451607,N/A,N/A,N/A,,,N/A,N/A,N/A,N/A,N/A,N/A
1999,Arizona,462341,1929,168,0.0871,,,93,42,12,18,3,0
2000,Arizona,459141,7249,181,0.025,,,105,35,19,20,2,0
2001,Arizona,463085,8026,170,0.0212,,,109,34,10,17,0,0
2002,Arizona,463085,12005,227,0.0189,,,159,42,16,9,1,0
2003,Arizona,506655,705,229,0.3248,,,165,35,13,15,1,0
2004,Arizona,526883,5592,211,0.0377,,,141,40,11,18,1,0
2005,Arizona,553123,34653,210,0.0061,,,137,34,19,20,0,0
2006,Arizona,587953,48827,193,0.00395273107092387,,,115,29,27,20,1,1
2007,Arizona,605565,46979,113,0.00240533007308841,,,74,23,8,8,0,0
2008,Arizona,616345,60745,152,0.00250226352363825,,,98,20,14,19,1,0
2009,Arizona,619403,71380,164,0.0023,,,117,23,10,12,2,0
2010,Arizona,546609,68734,155,0.0023,810,965,95,30,11,15,4,0
2011,Arizona,534113,62292,79,0.00126822059974074,487,566,43,17,7,12,0,0
2012,Arizona,527769,61463,101,0.00164326513186097,649,750,64,22,6,9,0,0
2013,Arizona,522392,61959,80,0.00129117642063648,556,636,52,14,10,3,1,0
2014,Arizona,521060,52094,69,0.00132452871184796,494,563,41,12,7,8,1,0
2015,Arizona,521310,47339,92,0.00194342934992164,433,525,56,14,8,14,0,0
1997,California,3204502,12410,2275,0.1833,,,562,678,542,434,52,7
1998,California,3104123,11798,1847,0.1566,,,489,546,429,341,37,5
1999,California,3029049,10054,1549,0.1541,,,364,470,356,314,37,8
2000,California,3018386,12717,1476,0.1161,,,400,411,307,319,32,7
2001,California,3034623,15043,1402,0.0932,,,324,443,281,322,27,5
2002,California,3034623,21889,1570,0.0717,,,462,519,286,275,26,2
2003,California,3034623,233542,2558,0.011,,,1555,490,247,233,31,2
2004,California,3034623,306888,2284,0.0074,,,1301,486,239,239,17,2
2005,California,3159667,519169,5691,0.011,,,3392,1176,526,539,50,8
2006,California,3191914,513064,5571,0.0108582944817801,,,3217,1209,576,519,39,11
2007,California,3209321,506242,2013,0.00397635903209448,,,1246,413,171,163,19,1
2008,California,3252643,631521,1683,0.00266499444842339,,,1006,353,175,133,11,5
2009,California,3284693,642967,1402,0.00218051625415683,,,890,277,111,110,12,2
2010,California,3036508,627649,1290,0.00205528899095952,20385,21676,823,240,110,101,16,0
2011,California,3037143,565397,1156,0.00204458110965788,15485,16641,680,245,114,108,9,0
2012,California,3023709,N/A,N/A,N/A,N/A,N/A,N/A,N/A,N/A,N/A,N/A,N/A
2013,California,3011879,N/A,N/A,N/A,N/A,N/A,N/A,N/A,N/A,N/A,N/A,N/A
2014,LA County only,3014451,146192,362,0.0025,3195,3557,238,70,38,15,1,0
2015,LA County only,3017125,152112,393,0.0082,2598,2991,243,86,26,29,9,0
1997,Colorado,331728,5077,180,0.0355,,,108,36,16,17,2,1
1998,Colorado,339604,4151,125,0.0301,,,78,24,6,14,3,0
1999,Colorado,345246,3815,102,0.0267,,,64,20,10,7,1,0
2000,Colorado,359123,6606,112,0.017,,,71,21,7,12,1,0
2001,Colorado,370914,8984,113,0.0126,,,62,20,18,12,1,0
2002,Colorado,370914,N/A,N/A,N/A,,,N/A,N/A,N/A,N/A,N/A,N/A
2003,Colorado,370914,N/A,N/A,N/A,,,N/A,N/A,N/A,N/A,N/A,N/A
2004,Colorado,370914,N/A,N/A,N/A,,,N/A,N/A,N/A,N/A,N/A,N/A
2005,Colorado,370914,N/A,N/A,N/A,,,N/A,N/A,N/A,N/A,N/A,N/A
2006,Colorado,413949,N/A,N/A,N/A,,,N/A,N/A,N/A,N/A,N/A,N/A
2007,Colorado,413949,N/A,N/A,N/A,,,N/A,N/A,N/A,N/A,N/A,N/A
2008,Colorado,413949,N/A,N/A,N/A,,,N/A,N/A,N/A,N/A,N/A,N/A
2009,Colorado,413949,N/A,N/A,N/A,,,N/A,N/A,N/A,N/A,N/A,N/A
2010,Colorado,413949,N/A,N/A,N/A,N/A,N/A,N/A,N/A,N/A,N/A,N/A,N/A
2011,Colorado,411855,N/A,N/A,N/A,N/A,N/A,N/A,N/A,N/A,N/A,N/A,N/A
2012,Colorado,408722,N/A,N/A,N/A,N/A,N/A,N/A,N/A,N/A,N/A,N/A,N/A
2013,Colorado,405810,N/A,N/A,N/A,N/A,N/A,N/A,N/A,N/A,N/A,N/A,N/A
2014,Colorado,405720,16555,28,0.00169133185409009,N/A,373,14,8,2,2,2,0
2015,Colorado,406769,N/A,N/A,N/A,N/A,N/A,N/A,N/A,N/A,N/A,N/A,N/A
1997,Connecticut,260336,22435,298,0.0133,,,196,54,26,20,2,0
1998,Connecticut,261163,60725,2410,0.0397,,,1284,523,293,275,31,4
1999,Connecticut,263845,65603,2155,0.0328,,,1246,460,219,196,31,3
2000,Connecticut,270187,64685,2371,0.0367,,,1353,514,258,218,26,2
2001,Connecticut,270763,67512,2026,0.03,,,1206,449,191,156,22,2
2002,Connecticut,270763,69670,1813,0.026,,,1059,392,186,157,14,5
2003,Connecticut,261945,69521,1589,0.0229,,,973,316,133,146,18,3
2004,Connecticut,260760,69910,1526,0.0218,,,936,298,131,141,19,1
2005,Connecticut,257471,69192,1310,0.0189,,,839,255,96,105,15,0
2006,Connecticut,257952,70631,1173,0.0166074386600784,,,724,220,102,102,24,1
2007,Connecticut,256698,73115,1077,0.0147302197292447,,,610,255,102,92,14,4
2008,Connecticut,255423,78058,1129,0.0144636044278741,,,646,247,105,107,23,1
2009,Connecticut,253975,85643,786,0.00917763262987137,,,461,162,75,70,16,2
2010,Connecticut,245428,82388,785,0.00952808652073145,5481,6266,459,162,65,92,7,0
2011,Connecticut,241912,67891,630,0.00927958078682423,3958,4588,368,144,57,52,9,0
2012,Connecticut,237873,75232,538,0.00715121207758784,3996,4534,329,93,44,61,8,3
2013,Connecticut,233754,21842,394,0.0180386416614056,1703,2097,228,82,38,41,5,0
2014,Connecticut,231071,75333,522,0.00692923413589597,3251,3773,303,119,38,52,9,1
2015,Connecticut,228774,68799,560,0.00813965313136578,2771,3331,321,109,57,60,12,1
1997,Delaware,59811,28,15,0.5357,,,1,1,6,4,3,0
1998,Delaware,59695,8881,245,0.0276,,,118,57,34,34,1,1
1999,Delaware,60211,10343,245,0.0237,,,109,56,36,40,4,0
2000,Delaware,62122,9648,231,0.0239,,,102,50,42,33,4,0
2001,Delaware,62380,14555,254,0.0175,,,127,80,20,25,2,0
2002,Delaware,62380,13008,253,0.0194,,,158,59,10,25,1,0
2003,Delaware,64227,11044,300,0.0272,,,206,41,34,17,2,0
2004,Delaware,65448,7388,133,0.018,,,73,31,15,14,0,0
2005,Delaware,67121,12961,60,0.0046,,,34,10,11,5,0,0
2006,Delaware,68824,11652,83,0.00712324064538277,,,50,16,11,6,0,0
2007,Delaware,69852,12358,25,0.00202298117801547,,,14,5,2,3,1,0
2008,Delaware,71068,12149,34,0.0027985842898488,,,17,6,4,5,1,1
2009,Delaware,71257,11989,45,0.00375344068743289,,,22,11,6,5,1,0
2010,Delaware,67146,11592,63,0.00543478270992637,371,434,41,11,2,7,2,0
2011,Delaware,67184,17440,91,0.00521788978949189,463,554,54,23,8,5,1,0
2012,Delaware,67317,10142,37,0.00364819564856589,204,241,27,5,3,1,1,0
2013,Delaware,67096,13600,47,0.00345588242635131,333,380,32,4,4,5,1,1
2014,Delaware,67153,13935,46,0.0033010405022651,269,315,27,9,7,3,0,0
2015,Delaware,67120,12321,51,0.00413927435874939,264,315,36,9,3,3,0,0
1997,District of Columbia,39660,183,131,0.7158,,,10,23,51,43,4,0
1998,District of Columbia,35348,6810,225,0.033,,,71,67,40,39,8,0
1999,District of Columbia,33320,11777,215,0.0183,,,84,57,35,37,2,0
2000,District of Columbia,39326,14040,175,0.0125,,,100,35,21,15,3,1
2001,District of Columbia,39356,16042,156,0.0097,,,73,33,15,33,2,0
2002,District of Columbia,39356,15755,122,0.0077,,,49,27,21,20,5,0
2003,District of Columbia,39298,9229,193,0.0209,,,87,70,16,18,1,1
2004,District of Columbia,39661,18280,327,0.0179,,,193,70,30,30,3,1
2005,District of Columbia,40625,15338,191,0.0125,,,127,30,13,20,1,0
2006,District of Columbia,41370,13133,179,0.0136297875580599,,,108,33,18,17,3,0
2007,District of Columbia,41644,12537,95,0.00757757062092423,,,57,21,10,6,1,0
2008,District of Columbia,42844,13328,87,0.00652761105448008,,,57,13,9,7,1,0
2009,District of Columbia,44063,12873,90,0.00699137710034847,,,51,16,10,12,1,0
2010,District of Columbia,38156,N/A,N/A,N/A,N/A,N/A,N/A,N/A,N/A,N/A,N/A,N/A
2011,District of Columbia,41563,N/A,N/A,N/A,N/A,N/A,N/A,N/A,N/A,N/A,N/A,N/A
2012,District of Columbia,44439,N/A,N/A,N/A,N/A,N/A,N/A,N/A,N/A,N/A,N/A,N/A
2013,District of Columbia,46892,N/A,N/A,N/A,N/A,N/A,N/A,N/A,N/A,N/A,N/A,N/A
2014,District of Columbia,48854,16405,50,0.00304785137996078,236,286,27,9,4,8,2,0
2015,District of Columbia,49926,N/A,N/A,N/A,N/A,N/A,N/A,N/A,N/A,N/A,N/A,N/A
1997,Florida,1152887,38803,2347,0.0605,,,1592,486,142,109,13,5
1998,Florida,1154343,33803,2146,0.0635,,,1495,396,138,110,7,0
1999,Florida,1149495,34389,1509,0.0439,,,967,347,108,75,10,2
2000,Florida,1142293,45896,723,0.0158,,,467,149,40,58,9,0
2001,Florida,1149277,63382,643,0.0101,,,397,137,56,50,3,0
2002,Florida,1149277,70550,827,0.0117,,,526,158,71,60,9,3
2003,Florida,1221742,105831,774,0.0073,,,478,147,78,55,11,5
2004,Florida,1260302,121945,596,0.0049,,,383,121,44,44,3,1
2005,Florida,1305410,111492,307,0.0028,,,193,62,21,22,5,4
2006,Florida,1366028,114441,272,0.00237677056299753,,,175,48,21,24,3,1
2007,Florida,1380861,112206,596,0.00531165907159448,,,342,109,53,67,22,3
2008,Florida,1387027,214324,476,0.00222093658521771,,,298,105,35,34,4,0
2009,Florida,1391397,179845,223,0.00123995658941567,,,144,36,21,18,4,0
2010,Florida,1288261,203401,398,0.00195672595873475,7051,7449,274,71,23,23,7,0
2011,Florida,1291271,167844,215,0.00128095143008977,4948,5163,153,36,7,15,4,0
2012,Florida,1295134,177754,306,0.00172148016281426,3334,3640,200,46,22,27,2,9
2013,Florida,1296695,N/A,N/A,N/A,N/A,N/A,N/A,N/A,N/A,N/A,N/A,N/A
2014,Florida,1310642,N/A,N/A,N/A,N/A,N/A,N/A,N/A,N/A,N/A,N/A,N/A
2015,Florida,1328284,N/A,N/A,N/A,N/A,N/A,N/A,N/A,N/A,N/A,N/A,N/A
1997,Georgia,673948,N/A,N/A,N/A,,,N/A,N/A,N/A,N/A,N/A,N/A
1998,Georgia,685213,22496,445,0.0198,,,246,122,41,36,0,0
1999,Georgia,694317,20588,512,0.0249,,,283,131,42,49,7,0
2000,Georgia,714090,27609,466,0.0169,,,276,108,35,43,3,1
2001,Georgia,718870,33097,422,0.0128,,,267,90,26,38,0,1
2002,Georgia,718870,33620,295,0.0088,,,184,58,24,24,4,1
2003,Georgia,781188,53542,381,0.0071,,,221,86,37,33,1,3
2004,Georgia,803602,67379,316,0.0047,,,188,63,25,39,0,1
2005,Georgia,828572,73781,243,0.0033,,,145,52,20,23,3,0
2006,Georgia,862800,68110,194,0.00284833357803553,,,124,42,14,12,1,1
2007,Georgia,882924,66022,175,0.00265063159167767,,,106,41,13,14,1,0
2008,Georgia,894961,87683,202,0.00230375328101218,,,122,35,19,24,2,0
2009,Georgia,900315,115492,270,0.0023,,,167,46,25,29,2,1
2010,Georgia,825000,126982,247,0.0019,6121,6368,152,45,32,16,2,0
2011,Georgia,819058,118782,275,0.00231516570784152,4731,5006,172,46,27,25,5,0
2012,Georgia,812675,115423,234,0.00202732556499541,4132,4366,149,34,23,26,2,0
2013,Georgia,804603,104158,205,0.00196816376410425,2738,2943,126,46,14,17,2,0
2014,Georgia,802436,105246,157,0.00149174325633794,2427,2584,97,40,9,9,2,0
2015,Georgia,801068,94380,111,0.00117609661538154,1726,1837,64,29,7,9,1,1
1997,Illinois,1089142,171175,29992,0.1752,,,16843,7205,2827,2764,299,54
1998,Illinois,1071765,166330,24265,0.1459,,,14720,5096,2195,1965,242,47
1999,Illinois,1061071,173244,19636,0.1133,,,12121,4040,1664,1611,169,31
2000,Illinois,1059514,186736,17569,0.0941,,,10798,3607,1592,1379,156,37
2001,Illinois,1061668,187215,14765,0.0789,,,9032,3138,1262,1172,139,22
2002,Illinois,1061668,192167,12240,0.0637,,,7566,2518,1065,959,113,19
2003,Illinois,1054254,212128,16283,0.0768,,,10327,3273,1248,1288,119,28
2004,Illinois,1057879,115935,7338,0.0633,,,4660,1477,545,571,70,15
2005,Illinois,1059707,118216,5884,0.0498,,,3710,1135,490,484,54,11
2006,Illinois,1068210,128147,4638,0.0361928098199724,,,2933,925,373,344,55,8
2007,Illinois,1065273,120510,3794,0.0314828641712666,,,2250,741,346,392,57,8
2008,Illinois,1068806,137504,2947,0.0214321035891771,,,1684,622,266,322,42,11
2009,Illinois,1073254,146840,2645,0.018,,,1543,528,239,284,46,5
2010,Illinois,1005860,163119,2361,0.0144740957766771,13443,15804,1351,498,218,255,32,7
2011,Illinois,994484,172045,2030,0.0117992386221886,12705,14735,1137,444,186,207,52,4
2012,Illinois,981636,170714,2202,0.0128987664356828,13149,15353,1317,431,203,215,28,8
2013,Illinois,967588,161459,1743,0.0107953101396561,8434,10177,983,402,149,178,27,4
2014,Illinois,957585,155305,1663,0.0107079613953829,7290,8954,923,371,177,175,12,5
2015,Illinois,947170,132747,1517,0.0114277536049485,5962,7481,846,324,153,170,20,4
1997,Indiana,494918,28640,894,0.0312,,,534,181,88,72,16,3
1998,Indiana,495192,26563,733,0.0276,,,387,179,88,70,9,0
1999,Indiana,497865,26030,755,0.029,,,436,177,73,66,2,1
2000,Indiana,508845,25307,567,0.0224,,,343,117,60,41,5,1
2001,Indiana,509812,27442,599,0.0218,,,347,140,66,42,4,0
2002,Indiana,509812,29105,604,0.0208,,,351,138,48,58,6,3
2003,Indiana,512422,38498,629,0.0163,,,361,138,69,56,5,0
2004,Indiana,515932,40730,558,0.0137,,,372,103,42,32,9,0
2005,Indiana,518957,44257,567,0.0128,,,347,116,41,56,6,1
2006,Indiana,525656,47787,558,0.011676815870425,,,352,103,51,45,5,2
2007,Indiana,528055,57046,596,0.010447708889842,,,347,121,56,65,7,0
2008,Indiana,532593,58091,600,0.0103286225348711,,,344,112,73,57,12,2
2009,Indiana,534603,61804,574,0.0093,,,327,125,55,56,11,0
2010,Indiana,522074,63296,474,0.0075,3889,4363,265,101,51,48,8,1
2011,Indiana,517361,57534,388,0.0067,3400,3789,231,75,35,44,2,1
2012,Indiana,512051,54458,357,0.0066,2794,3151,211,73,38,28,6,1
2013,Indiana,509391,50345,291,0.00578011712059379,2222,2513,175,61,18,34,3,0
2014,Indiana,507787,38140,205,0.00537493452429771,1553,1758,120,46,21,18,0,0
2015,Indiana,507139,21452,182,0.00848405715078115,1071,1253,111,34,15,19,3,0
1997,Iowa,220872,25335,1422,0.0561,,,755,355,158,136,16,2
1998,Iowa,220543,26254,1299,0.0495,,,696,289,130,163,16,5
1999,Iowa,220379,27823,1061,0.0381,,,552,236,128,130,14,1
2000,Iowa,227062,30031,1054,0.0351,,,556,251,121,105,19,2
2001,Iowa,227171,37085,1071,0.0289,,,578,239,116,111,23,4
2002,Iowa,227171,42534,1135,0.0267,,,619,262,110,130,9,5
2003,Iowa,225878,45132,1089,0.0241,,,587,246,110,126,17,3
2004,Iowa,226981,47640,1050,0.022,,,573,224,102,138,11,2
2005,Iowa,228461,50195,1006,0.02,,,529,217,124,117,17,2
2006,Iowa,233178,51769,862,0.0166508914601402,,,435,194,100,112,20,1
2007,Iowa,236289,63308,748,0.0118152527138591,,,366,184,86,92,16,4
2008,Iowa,240215,82163,661,0.00804498419165611,,,332,160,66,91,10,2
2009,Iowa,242913,85848,664,0.00773460092023015,,,303,167,79,98,15,2
2010,Iowa,242345,80401,551,0.00685314880684018,33917,34468,269,124,74,74,9,1
2011,Iowa,239838,76278,500,0.00655497005209327,30363,30863,241,124,62,59,13,1
2012,Iowa,238018,45964,320,0.0069619701243937,14576,14896,153,77,48,38,4,0
2013,Iowa,237098,N/A,N/A,N/A,N/A,N/A,N/A,N/A,N/A,N/A,N/A,N/A
2014,Iowa,237630,N/A,N/A,N/A,N/A,N/A,N/A,N/A,N/A,N/A,N/A,N/A
2015,Iowa,237898,N/A,N/A,N/A,N/A,N/A,N/A,N/A,N/A,N/A,N/A,N/A
1997,Kansas,217762,36,3,0.0833,,,1,0,0,2,0,0
1998,Kansas,219444,3485,71,0.0204,,,24,24,7,14,2,0
1999,Kansas,220941,4010,224,0.0559,,,108,61,26,27,2,0
2000,Kansas,226862,7244,222,0.0306,,,120,50,16,31,5,0
2001,Kansas,227151,10715,322,0.0301,,,191,61,33,32,4,1
2002,Kansas,227151,15564,354,0.0227,,,198,82,31,36,7,0
2003,Kansas,229896,26295,365,0.0139,,,217,81,42,21,4,0
2004,Kansas,230947,28171,310,0.011,,,196,64,28,21,1,0
2005,Kansas,231787,28530,410,0.0144,,,241,81,44,41,3,0
2006,Kansas,234045,27486,312,0.0113512333551626,,,190,63,23,30,6,0
2007,Kansas,238051,29932,284,0.00948817282915115,,,164,64,30,24,2,0
2008,Kansas,241491,31920,235,0.00736215524375439,,,120,54,30,23,6,2
2009,Kansas,244723,33968,230,0.00677107879891992,,,120,54,20,26,9,1
2010,Kansas,246178,34140,207,0.00606326898559928,1657,1864,107,52,19,25,3,1
2011,Kansas,244879,34648,237,0.00684022158384323,1597,1834,151,39,20,25,2,0
2012,Kansas,243692,24228,151,0.00623245816677809,1323,1474,87,23,21,19,1,0
2013,Kansas,241530,N/A,N/A,N/A,N/A,N/A,N/A,N/A,N/A,N/A,N/A,N/A
2014,Kansas,239674,N/A,N/A,N/A,N/A,N/A,N/A,N/A,N/A,N/A,N/A,N/A
2015,Kansas,238000,N/A,N/A,N/A,N/A,N/A,N/A,N/A,N/A,N/A,N/A,N/A
1997,Kentucky,316998,N/A,N/A,N/A,,,N/A,N/A,N/A,N/A,N/A,N/A
1998,Kentucky,314074,N/A,N/A,N/A,,,N/A,N/A,N/A,N/A,N/A,N/A
1999,Kentucky,311757,N/A,N/A,N/A,,,N/A,N/A,N/A,N/A,N/A,N/A
2000 §,Kentucky,320380,16346,145,0.0089,,,65,30,20,27,3,0
2001,Kentucky,320916,27022,351,0.013,,,177,69,46,52,3,4
2002,Kentucky,320916,3956,44,0.0111,,,23,6,7,8,0,0
2003,Kentucky,324521,28225,190,0.0067,,,99,35,25,24,6,1
2004,Kentucky,326351,21784,153,0.007,,,64,42,16,28,3,0
2005,Kentucky,329379,28228,235,0.0083,,,106,64,28,32,5,0
2006,Kentucky,334939,16177,81,0.00500710885825555,,,43,19,13,6,0,0
2007,Kentucky,338732,38358,141,0.00367589551024139,,,67,36,26,11,1,0
2008,Kentucky,343261,23561,104,0.00441407412290573,,,53,22,12,17,0,0
2009,Kentucky,344443,21324,57,0.0027,,,33,10,8,4,2,0
2010,Kentucky,338977,20194,125,0.0062,883,1008,47,29,9,26,12,2
2011,Kentucky,337320,22185,97,0.00437232339754701,1083,1180,50,28,10,8,1,0
2012,Kentucky,334729,13534,116,0.00857100635766983,563,679,56,26,16,13,5,0
2013,Kentucky,333338,14635,76,0.00519303046166897,502,578,53,14,6,3,0,0
2014,Kentucky,333243,13877,51,0.00367514579556882,414,465,26,16,3,6,0,0
2015,Kentucky,333383,11908,44,0.0036949950736016,343,387,19,14,7,3,0,1
1997,Louisiana,N/A,N/A,N/A,N/A,,,N/A,N/A,N/A,N/A,N/A,N/A
1998,Louisiana,379751,23168,551,0.023782804608345,,,227,152,82,81,6,3
1999,Louisiana,378280,21587,690,0.0319636799395084,,,318,191,94,76,10,1
2000,Louisiana,380455,30805,1023,0.0332088954746723,,,484,270,137,122,8,2
2001,Louisiana,378831,44458,1061,0.0238652210682631,,,563,249,118,125,3,3
2002,Louisiana,379911,54205,1044,0.0192602165043354,,,542,255,115,121,9,2
2003,Louisiana,382166,61668,982,0.0159239806234837,,,526,222,131,100,3,0
2004,Louisiana,383774,69262,947,0.0136727206408978,,,425,206,104,80,4,128
2005,Louisiana,385131,56790,571,0.0100545873865485,,,350,121,56,41,3,0
2006,Louisiana,348354,55501,267,0.00481072413109674,,,192,40,16,16,3,0
2007,Louisiana,366923,47062,176,0.00373974756703922,,,107,31,21,16,1,0
2008,Louisiana,378222,34285,162,0.00472509860992432,,,80,33,26,23,0,0
2009,Louisiana,382744,38754,181,0.00467048538848758,,,91,41,20,26,2,1
2010,Louisiana,375722,56698,141,0.00248686014674604,3409,3550,60,40,22,16,3,0
2011,Louisiana,375267,1865,120,0.06434316188097,139,259,57,30,19,13,1,0
2012,Louisiana,373249,1488,156,0.104838706552982,166,322,73,33,25,24,1,0
2013,Louisiana,371434,10086,186,0.0184414032846689,737,923,118,36,10,22,0,0
2014,Louisiana,372000,19014,129,0.0067844744771719,815,944,71,34,10,13,1,0
2015,Louisiana,373355,16469,132,0.00801505893468857,737,869,73,33,14,11,1,0
1997,Maine,84280,10414,412,0.0396,,,255,89,33,29,4,2
1998,Maine,82130,10025,398,0.0397,,,262,78,26,31,1,0
1999,Maine,81394,9608,336,0.035,,,192,86,28,28,2,0
2000,Maine,85915,10107,330,0.0327,,,205,68,29,20,8,0
2001,Maine,86075,11381,327,0.0287,,,209,62,29,23,2,2
2002,Maine,86075,14390,292,0.0203,,,196,62,19,11,3,1
2003,Maine,85014,14571,253,0.0174,,,182,38,17,15,1,0
2004,Maine,85370,14649,307,0.021,,,202,64,13,26,2,0
2005,Maine,85311,14001,279,0.0199,,,171,70,21,16,1,0
2006,Maine,85950,13720,245,0.0178571428571429,,,163,43,20,16,2,1
2007,Maine,86034,14028,201,0.0143284862861037,,,128,41,16,14,2,0
2008,Maine,85994,14047,196,0.0139531577005982,,,133,33,16,10,4,0
2009,Maine,85245,13202,151,0.0114376610144973,,,91,36,13,10,1,0
2010,Maine,84268,13396,145,0.0108241261914372,N/A,N/A,84,39,9,13,0,0
2011,Maine,82289,13961,130,0.00931165367364883,N/A,N/A,78,27,8,15,1,1
2012,Maine,81054,N/A,N/A,N/A,N/A,N/A,N/A,N/A,N/A,N/A,N/A,N/A
2013,Maine,79994,N/A,N/A,N/A,N/A,N/A,N/A,N/A,N/A,N/A,N/A,N/A
2014,Maine,79276,N/A,N/A,N/A,N/A,N/A,N/A,N/A,N/A,N/A,N/A,N/A
2015,Maine,78691,N/A,N/A,N/A,N/A,N/A,N/A,N/A,N/A,N/A,N/A,N/A
1997,Maryland,422725,2051,1807,0.881,,,345,455,568,409,25,5
1998,Maryland,418567,2189,1914,0.8744,,,363,763,470,286,28,4
1999,Maryland,418912,2040,1427,0.6995,,,346,524,327,209,18,3
2000,Maryland,427939,69582,3742,0.0538,,,1963,1009,415,322,25,8
2001,Maryland,429749,82093,3478,0.0424,,,2032,875,278,263,28,2
2002,Maryland,429749,66795,1795,0.0269,,,1101,376,175,135,8,0
2003,Maryland,435561,76688,1534,0.02,,,995,302,122,102,13,0
2004,Maryland,441016,105142,1579,0.015,,,1028,318,119,93,21,0
2005,Maryland,443545,99026,1200,0.0121,,,806,234,73,80,7,0
2006,Maryland,450269,103088,1127,0.010932407263697,,,746,217,87,71,6,0
2007,Maryland,450695,106127,834,0.00785850919783115,,,545,155,70,57,6,1
2008,Maryland,452413,107053,708,0.00661354651674628,,,458,144,60,41,5,0
2009,Maryland,455586,108110,539,0.005,,,358,105,33,38,4,1
2010,Maryland,437188,115328,513,0.0044,3657,4171,331,85,57,35,5,0
2011,Maryland,441219,110169,436,0.00395755609497428,2893,3329,251,97,43,40,5,0
2012,Maryland,441829,111101,345,0.00310528255067766,2562,2907,217,81,19,25,3,0
2013,Maryland,441661,110410,357,0.00323340273462236,2502,2859,219,71,25,36,6,0
2014,Maryland,443801,109089,327,0.00299755251035094,2269,2596,208,61,24,29,5,0
2015,Maryland,443976,108813,359,0.00329923816025257,2083,2442,226,65,28,32,8,0
1997,Massachusetts,480892,241872,7810,0.0323,,,5197,1531,629,423,27,3
1998,Massachusetts,474905,253513,5905,0.0233,,,3954,1199,408,317,27,0
1999,Massachusetts,473447,260588,5279,0.0203,,,3607,980,395,267,27,3
2000,Massachusetts,480422,255247,4334,0.017,,,3028,759,274,244,23,6
2001,Massachusetts,481406,246363,3644,0.0148,,,2520,652,251,204,12,5
2002,Massachusetts,481406,242915,3211,0.0132,,,2176,614,217,182,21,1
2003,Massachusetts,471344,235221,2219,0.0094,,,1527,415,139,128,10,0
2004,Massachusetts,466766,234771,2464,0.0105,,,1708,428,176,140,10,2
2005,Massachusetts,462406,231679,2136,0.0092,,,1468,402,128,120,13,5
2006,Massachusetts,464771,227453,1902,0.00836216712903325,,,1316,343,125,104,14,0
2007,Massachusetts,461558,229345,1590,0.00693278666585684,,,1079,262,119,117,12,1
2008,Massachusetts,461954,228985,1240,0.00541520211845636,,,828,221,96,86,8,1
2009,Massachusetts,463357,225476,978,0.0043,,,636,179,86,70,5,2
2010,Massachusetts,442592,226267,1004,0.0044,11722,12726,671,171,85,72,5,0
2011,Massachusetts,443672,217235,765,0.00352153205312788,9044,9809,464,161,80,48,10,2
2012,Massachusetts,442240,212154,760,0.00358230341225862,8675,9435,475,157,48,73,6,1
2013,Massachusetts,440766,210789,684,0.00324495113454759,6887,7571,432,133,61,51,6,1
2014,Massachusetts,441043,212014,785,0.00370258558541536,6429,7214,513,148,69,48,6,1
2015,Massachusetts,441370,208595,695,0.00333181512542069,5889,6584,449,131,41,64,8,2
1997,Michigan,896282,23591,4024,0.1706,,,2048,906,546,482,39,3
1998,Michigan,884174,61951,6818,0.1101,,,4107,1461,613,566,65,6
1999,Michigan,882427,75938,6049,0.0797,,,3577,1325,611,485,46,5
2000,Michigan,907361,79155,4722,0.0597,,,2945,997,390,355,31,4
2001,Michigan,908908,88743,5255,0.0592,,,3348,1063,429,356,50,9
2002,Michigan,908908,91881,4410,0.048,,,2733,968,357,292,55,5
2003,Michigan,792548,97923,3381,0.0345,,,2071,689,305,274,35,7
2004,Michigan,787762,122757,3354,0.0273,,,2158,620,287,248,36,5
2005,Michigan,779772,131580,3457,0.0263,,,2181,674,299,267,25,11
2006,Michigan,774814,138834,2554,0.0183960701269142,,,1596,548,202,184,22,2
2007,Michigan,760435,141372,2099,0.0148473531007767,,,1302,415,199,166,17,0
2008,Michigan,749457,151340,1830,0.0120919784530997,,,1109,385,150,162,20,4
2009,Michigan,742424,128197,1210,0.00943859852850437,,,703,260,102,135,9,1
2010,Michigan,720314,296425,2350,0.00792780611664057,15939,18289,1366,486,231,245,20,2
2011,Michigan,710982,295214,1868,0.0063276132568717,12869,14737,1051,389,212,187,28,1
2012,Michigan,702118,279036,1474,0.0052824723534286,11148,12622,887,304,147,118,17,1
2013,Michigan,696073,114462,444,0.00387901649810374,3383,3827,259,91,43,42,7,2
2014,Michigan,693605,138898,635,0.00457170000299811,4365,5000,376,132,62,58,6,1
2015,Michigan,691424,128689,627,0.00487221125513315,3996,4623,370,123,58,67,9,0
1997,Minnesota,383055,37404,1871,0.05,,,1098,398,201,151,18,5
1998,Minnesota,384854,35654,1551,0.0435,,,917,340,138,134,16,6
1999,Minnesota,387695,36724,1214,0.0331,,,733,258,111,94,15,3
2000,Minnesota,397581,41176,1018,0.0247,,,584,218,96,105,12,3
2001,Minnesota,398895,47098,1079,0.0229,,,638,221,104,100,11,5
2002,Minnesota,398895,53136,868,0.0163,,,505,161,80,109,10,3
2003,Minnesota,401030,61874,808,0.0131,,,468,175,75,77,10,3
2004,Minnesota,405815,72405,695,0.0096,,,419,141,56,65,10,4
2005,Minnesota,409634,78994,669,0.0085,,,385,143,64,69,7,1
2006,Minnesota,419902,85933,615,0.0071567383892102,,,372,132,61,41,7,2
2007,Minnesota,425916,75627,452,0.0059767016209662,,,255,102,42,42,10,1
2008,Minnesota,431859,95915,404,0.00421206280589104,,,227,84,46,39,5,3
2009,Minnesota,435423,94246,354,0.0038,,,195,70,41,42,5,1
2010,Minnesota,427426,94015,295,0.0031,3296,3591,153,76,25,36,5,0
2011,Minnesota,424728,91747,262,0.00285567925311625,2724,2986,155,54,20,29,4,0
2012,Minnesota,421794,92093,262,0.00284495018422604,2437,2699,129,73,24,31,3,2
2013,Minnesota,420726,89505,191,0.00213395897299051,1834,2025,111,51,17,10,2,0
2014,Minnesota,421820,89081,220,0.00246966234408319,1509,1729,123,43,25,22,6,1
2015,Minnesota,422572,87830,216,0.00245929649099708,1455,1671,119,43,23,25,6,0
1997,Mississippi,245690,545,520,0.9541,,,111,269,83,53,4,0
1998,Mississippi,243965,890,485,0.5449,,,115,259,61,47,3,0
1999,Mississippi,243619,7945,767,0.0965,,,501,180,47,38,1,0
2000,Mississippi,246122,11107,169,0.0152,,,99,40,18,11,0,1
2001,Mississippi,246449,16771,435,0.0259,,,306,74,29,23,3,0
2002,Mississippi,246449,26258,525,0.02,,,329,113,45,35,1,2
2003,Mississippi,247510,36873,520,0.0141,,,351,105,26,36,2,0
2004,Mississippi,250336,42471,419,0.0099,,,298,79,26,12,3,1
2005,Mississippi,252735,41818,391,0.0094,,,260,74,34,18,3,2
2006,Mississippi,252907,41488,357,0.00860489780177401,,,247,57,23,28,2,0
2007,Mississippi,258738,38221,228,0.00596530688926578,,,152,49,15,11,1,0
2008,Mississippi,263140,42136,203,0.00481773307546973,,,131,36,18,16,2,0
2009,Mississippi,265500,44988,208,0.0046,,,125,42,22,18,1,0
2010,Mississippi,252345,47785,186,0.0039,N/A,N/A,114,37,14,18,2,1
2011,Mississippi,247977,41556,158,0.0038020983338356,3905,N/A,81,47,11,17,2,0
2012,Mississippi,243538,42626,159,0.00373011780902743,3533,N/A,89,36,13,19,2,0
2013,Mississippi,238636,43396,125,0.00288044987246394,3135,N/A,80,20,11,13,1,0
2014,Mississippi,235823,46084,113,0.0024520440492779,3080,N/A,71,18,12,9,2,1
2015,Mississippi,234118,41934,103,0.00245624082162976,1988,N/A,61,24,10,7,1,0
1997,Missouri,443042,41747,5060,0.1212,,,2827,1200,542,441,42,8
1998,Missouri,438960,44459,5045,0.1135,,,2933,1168,448,434,56,6
1999,Missouri,437313,49004,4790,0.0977,,,2788,1150,418,385,46,3
2000,Missouri,445566,56987,4946,0.0868,,,2903,1149,390,460,41,3
2001,Missouri,446404,65137,3352,0.0515,,,2087,710,278,241,34,2
2002,Missouri,446404,66606,2838,0.0426,,,1735,652,223,206,17,5
2003,Missouri,450001,72196,2752,0.0381,,,1786,571,187,187,21,0
2004,Missouri,453524,80736,2074,0.0257,,,1295,447,171,132,27,2
2005,Missouri,457918,74102,1700,0.0229,,,1047,339,150,144,16,4
2006,Missouri,468328,85794,1257,0.0146513742219736,,,838,251,86,74,8,0
2007,Missouri,473680,88037,935,0.0106205344200134,,,602,192,78,49,12,2
2008,Missouri,479203,91994,671,0.00729395402595401,,,461,132,45,30,3,0
2009,Missouri,482354,93301,687,0.0074,,,467,132,57,29,2,0
2010,Missouri,468264,101409,855,0.0084,6302,7157,544,170,62,75,3,1
2011,Missouri,463229,94011,494,0.0053,5116,5610,314,101,44,35,0,0
2012,Missouri,458744,89638,630,0.007,4581,5211,391,139,44,51,5,0
2013,Missouri,454749,N/A,N/A,N/A,N/A,,N/A,N/A,N/A,N/A,N/A,N/A
2014,Missouri,453154,N/A,N/A,N/A,N/A,,N/A,N/A,N/A,N/A,N/A,N/A
2015,Missouri,451955,83158,424,0.00509872753173113,2989,3413,277,82,28,33,4,0
1997,Nevada,,N/A,N/A,N/A,,,N/A,N/A,N/A,N/A,N/A,N/A
1998,Nevada,,N/A,N/A,N/A,,,N/A,N/A,N/A,N/A,N/A,N/A
1999,Nevada,,N/A,N/A,N/A,,,N/A,N/A,N/A,N/A,N/A,N/A
2000,Nevada,,N/A,N/A,N/A,,,N/A,N/A,N/A,N/A,N/A,N/A
2001,Nevada,,N/A,N/A,N/A,,,N/A,N/A,N/A,N/A,N/A,N/A
2002,Nevada,,N/A,N/A,N/A,,,N/A,N/A,N/A,N/A,N/A,N/A
2003,Nevada,,N/A,N/A,N/A,,,N/A,N/A,N/A,N/A,N/A,N/A
2004,Nevada,,N/A,N/A,N/A,,,N/A,N/A,N/A,N/A,N/A,N/A
2005,Nevada,,N/A,N/A,N/A,,,N/A,N/A,N/A,N/A,N/A,N/A
2006,Nevada,227672,1235,3,0.00242914979757085,,,2,1,0,0,0,0
2007,Nevada,237393,7349,16,0.00217716696149136,,,8,4,1,3,0,0
2008,Nevada,241596,10980,21,0.00191256830601093,,,13,1,4,3,0,0
2009,Nevada,243019,12526,17,0.00135717707169088,,,9,5,1,2,0,0
2010,Nevada,224163,13597,25,0.00183864087666397,184,209,16,4,1,4,0,0
2011,Nevada,220053,N/A,N/A,N/A,N/A,N/A,N/A,N/A,N/A,N/A,N/A,N/A
2012,Nevada,217098,N/A,N/A,N/A,N/A,N/A,N/A,N/A,N/A,N/A,N/A,N/A
2013,Nevada,214634,N/A,N/A,N/A,N/A,N/A,N/A,N/A,N/A,N/A,N/A,N/A
2014,Nevada,214436,N/A,N/A,N/A,N/A,N/A,N/A,N/A,N/A,N/A,N/A,N/A
2015,Nevada,215069,N/A,N/A,N/A,N/A,N/A,N/A,N/A,N/A,N/A,N/A,N/A
1997,New Hampshire,89518,15775,503,0.0319,,,269,118,54,57,4,1
1998,New Hampshire,89254,15243,538,0.0353,,,301,123,64,46,4,0
1999,New Hampshire,89711,14350,555,0.0387,,,319,138,51,41,4,2
2000,New Hampshire,92378,13977,501,0.0358,,,317,117,38,27,1,1
2001,New Hampshire,92820,13509,390,0.0289,,,246,84,24,34,2,0
2002,New Hampshire,92820,14551,397,0.0273,,,248,82,38,25,3,1
2003,New Hampshire,91469,14354,411,0.0286,,,255,89,36,26,5,0
2004,New Hampshire,91216,14857,407,0.0274,,,250,78,31,40,7,1
2005,New Hampshire,91417,14540,327,0.0225,,,194,79,22,32,0,0
2006,New Hampshire,93071,14806,309,0.0208699176009726,,,180,65,30,32,1,1
2007,New Hampshire,91981,15608,263,0.016850333660841,,,153,64,27,19,0,0
2008,New Hampshire,90878,15846,240,0.0151457777246833,,,150,59,19,7,5,0
2009,New Hampshire,89872,15054,190,0.0126,,,124,44,11,8,2,1
2010,New Hampshire,84767,14817,170,0.0115,2499,2669,113,30,14,12,1,0
2011,New Hampshire,83297,14215,145,0.0102004921063781,2116,2261,93,29,10,12,1,0
2012,New Hampshire,81314,13529,118,0.00872200448065996,1486,1604,70,25,10,12,0,1
2013,New Hampshire,80072,14080,107,0.00759943202137947,907,1014,72,21,10,3,1,0
2014,New Hampshire,79240,13708,91,0.00663845939561725,763,854,55,23,6,6,1,0
2015,New Hampshire,78748,13464,87,0.00646167574450374,669,756,54,17,8,7,1,0
1997,New Jersey,677474,12336,2865,0.2322,,,824,500,765,687,75,14
1998,New Jersey,665655,11193,2350,0.21,,,685,389,617,586,67,6
1999,New Jersey,657145,8249,1716,0.208,,,494,302,466,389,60,5
2000,New Jersey,681609,135297,3823,0.0283,,,1438,667,790,801,105,22
2001,New Jersey,683569,146950,3025,0.0206,,,1206,591,533,584,103,8
2002,New Jersey,683569,153290,1936,0.0126,,,999,453,190,257,35,2
2003,New Jersey,676790,149312,2737,0.0183,,,1537,618,266,284,27,5
2004,New Jersey,679700,165581,2826,0.0171,,,1629,646,271,244,31,5
2005,New Jersey,677255,172699,2627,0.0152,,,1557,550,239,248,29,4
2006,New Jersey,677765,179937,2673,0.0148551993197619,,,1677,559,196,217,21,3
2007,New Jersey,674236,179114,2424,0.0135332802310586,,,1521,474,219,185,24,1
2008,New Jersey,672523,116006,1151,0.00992190092802048,,,727,221,108,83,12,0
2009,New Jersey,670464,106194,784,0.0074,,,480,164,70,58,12,0
2010,New Jersey,652622,184867,1357,0.0073,,,788,288,128,130,19,4
2011,New Jersey,651994,181051,1247,0.0068875621072948,6816,8063,745,250,119,122,11,0
2012,New Jersey,647775,181603,965,0.00531378900632262,5639,6604,593,184,82,89,16,1
2013,New Jersey,643720,179147,844,0.00471121491864324,5656,6500,499,170,89,71,13,2
2014,New Jersey,642004,172846,788,0.00455897161737084,4778,5566,473,156,76,72,9,2
2015,New Jersey,639331,176306,846,0.00479847518727183,4638,5484,505,165,76,80,17,3
1997,New Mexico,162814,5936,71,0.012,,,43,12,4,10,1,1
1998,New Mexico,160514,4525,24,0.0053,,,9,9,5,1,0,0
1999,New Mexico,158269,4488,28,0.0062,,,16,7,5,0,0,0
2000,New Mexico,157212,3253,23,0.0071,,,18,3,1,1,0,0
2001,New Mexico,156310,2695,39,0.0145,,,24,9,2,4,0,0
2002,New Mexico,156310,N/A,N/A,N/A,,,N/A,N/A,N/A,N/A,N/A,N/A
2003,New Mexico,156310,N/A,N/A,N/A,,,N/A,N/A,N/A,N/A,N/A,N/A
2004,New Mexico,156310,N/A,N/A,N/A,,,N/A,N/A,N/A,N/A,N/A,N/A
2005,New Mexico,156310,N/A,N/A,N/A,,,N/A,N/A,N/A,N/A,N/A,N/A
2006,New Mexico,173918,N/A,N/A,N/A,,,N/A,N/A,N/A,N/A,N/A,N/A
2007,New Mexico,173918,N/A,N/A,N/A,,,N/A,N/A,N/A,N/A,N/A,N/A
2008,New Mexico,173918,N/A,N/A,N/A,,,N/A,N/A,N/A,N/A,N/A,N/A
2009,New Mexico,173918,N/A,N/A,N/A,,,N/A,N/A,N/A,N/A,N/A,N/A
2010,New Mexico,173918,47,0,0,3,3,0,0,0,0,0,0
2011,New Mexico,172615,76,1,0.0131578948348761,1,2,0,0,0,1,0,0
2012,New Mexico,170052,157,1,0.00636942684650421,3,4,0,1,0,0,0,0
2013,New Mexico,167079,8380,16,0.00190930790267885,N/A,N/A,8,5,1,2,0,0
2014,New Mexico,164874,12031,19,0.00157925358507782,N/A,N/A,10,4,2,1,0,2
2015,New Mexico,163011,11895,25,0.00210172333754599,N/A,N/A,16,3,2,4,0,0
1997,New York (Excl NYC),1555068,206547,13026,0.0631,,,7810,2967,1165,1009,66,9
1998,New York (Excl NYC),1504741,194784,10664,0.0547,,,6435,2520,915,715,71,8
1999,New York (Excl NYC),1469922,181768,8281,0.0456,,,5123,1844,663,592,49,10
2000,New York (Excl NYC),1500961,181036,6171,0.0341,,,3854,1308,521,427,52,9
2001,New York (Excl NYC),1503096,183201,5166,0.0282,,,3229,1122,403,368,37,7
2002,New York (Excl NYC),1503096,179769,4493,0.025,,,2842,946,356,309,36,4
2003,New York (Excl NYC),1456853,173548,4096,0.0236,,,2468,947,332,313,30,6
2004,New York (Excl NYC),1456326,198394,4076,0.0205,,,2498,879,346,316,31,6
2005,New York (Excl NYC),1451229,198104,3697,0.0187,,,2283,795,303,285,23,8
2006,New York (Excl NYC),1462486,240251,4373,0.018201797287004,,,2689,961,346,337,38,2
2007,New York (Excl NYC),1457376,219891,3182,0.0144708063453436,,,1957,674,255,269,22,5
2008,New York (Excl NYC),1460682,217276,2619,0.0120537932962179,,,1595,561,227,219,13,4
2009,New York (Excl NYC),1465524,218756,2389,0.0109208431094885,,,1455,478,218,213,22,3
2010,New York (Excl NYC),1386618,222742,2528,0.0113494535908103,13091,15621,1466,549,223,241,45,4
2011,New York (Excl NYC),1401605,222805,2137,0.00959134660661221,11649,13786,1260,460,210,177,27,3
2012,New York (Excl NYC),1404650,55803,662,0.0118631618097425,2721,3383,423,133,53,50,3,0
2013,New York (Excl NYC),1407591,N/A,N/A,N/A,N/A,N/A,N/A,N/A,N/A,N/A,N/A,N/A
2014,New York (Excl NYC),1411333,37432,546,0.0145864505320787,1951,2497,364,94,48,36,4,0
2015,New York (Excl NYC),1412031,123811,1131,0.00913489144295454,4892,6023,678,229,103,101,19,1
1997,New York City,670352,297531,9906,0.0333,,,6873,1565,728,648,76,16
1998,New York City,658254,303710,10370,0.0341,,,7229,1808,652,610,62,9
1999,New York City,648360,295584,7990,0.027,,,5627,1362,492,450,53,6
2000,New York City,639087,319312,6734,0.0211,,,4764,1223,360,340,43,4
2001,New York City,639380,306389,4914,0.016,,,3344,937,291,302,34,6
2002,New York City,639380,297177,4128,0.0139,,,2839,753,240,268,25,3
2003,New York City,639380,304806,3564,0.0117,,,2302,688,265,264,41,4
2004,New York City,639380,316776,3259,0.0103,,,2160,592,231,239,35,2
2005,New York City,639380,312930,2990,0.0096,,,1953,573,229,213,19,3
2006,New York City,639380,316771,2678,0.0084540567160504,,,1736,535,200,189,17,1
2007,New York City,639380,318004,2168,0.0068,,,1434,373,178,154,24,5
2008,New York City,639380,296627,1630,0.00549511658027768,,,1029,330,136,118,16,1
2009,New York City,639380,312180,1480,0.0047,,,912,320,106,124,17,1
2010,New York City,639380,326884,1505,0.0046,12895,14400,939,312,121,118,12,3
2011,New York City,639380,334892,1274,0.0038042115047574,10733,12007,828,222,104,109,10,1
2012,New York City,639380,330619,1016,0.00307302363216877,7672,8688,623,212,85,91,5,0
2013,New York City,639380,324477,876,0.00269972905516624,6826,7702,551,163,79,73,6,4
2014,New York City,639380,316958,919,0.00289943790994585,6074,6993,576,190,71,73,8,1
2015,New York City,639380,308380,879,0.00285037932917476,4731,5610,558,167,81,67,6,0
1997,North Carolina,629399,97167,1259,0.013,,,718,313,120,95,11,2
1998,North Carolina,636257,96729,1067,0.011,,,641,257,78,83,8,0
1999,North Carolina,641514,107096,1039,0.0097,,,628,235,100,72,4,0
2000,North Carolina,647879,116947,1261,0.0108,,,772,287,108,83,8,3
2001,North Carolina,651034,121940,995,0.0082,,,616,215,79,78,5,2
2002,North Carolina,651034,122501,921,0.0075,,,584,196,75,62,3,1
2003,North Carolina,690130,121985,898,0.0074,,,603,187,55,47,5,1
2004,North Carolina,701505,23866,221,0.0093,,,148,43,14,15,1,0
2005,North Carolina,718173,101859,381,0.0037,,,239,76,31,30,5,0
2006,North Carolina,743664,136384,503,0.0036881159080244,,,328,101,38,28,7,1
2007,North Carolina,764331,144691,465,0.00321374515346497,,,296,102,38,26,2,1
2008,North Carolina,781826,152827,383,0.00250610167051634,,,239,85,27,30,2,0
2009,North Carolina,793284,161932,313,0.00193291011041672,,,193,64,28,27,1,0
2010,North Carolina,758123,162828,245,0.0015,7230,7475,141,59,27,18,0,0
2011,North Carolina,753688,156454,199,0.00127193937078118,5598,5797,108,42,25,21,3,0
2012,North Carolina,745906,149821,193,0.00128820387180895,4268,4461,116,43,13,18,3,0
2013,North Carolina,738792,147148,166,0.00112811592407525,2751,2917,111,26,12,17,0,0
2014,North Carolina,734996,142649,199,0.00139503262471408,2419,2618,119,41,19,18,2,0
2015,North Carolina,733329,108988,197,0.00180753844324499,1924,2121,116,44,19,17,1,0
1997,Ohio,907805,99335,14048,0.1414,,,7707,3155,1576,1416,169,25
1998,Ohio,896793,100125,13296,0.1328,,,7491,3043,1483,1141,124,14
1999,Ohio,893169,128946,10609,0.0823,,,6166,2420,1108,825,82,8
2000,Ohio,909727,115814,8199,0.0708,,,4587,1896,915,724,67,10
2001,Ohio,907202,125226,7415,0.0592,,,4359,1598,736,626,80,16
2002,Ohio,898516,138919,6676,0.0481,,,3903,1467,627,587,76,16
2003,Ohio,895421,142103,5658,0.0398,,,3328,1195,530,526,75,4
2004,Ohio,893379,130005,4369,0.0336,,,2653,948,379,343,41,5
2005,Ohio,889585,153709,3926,0.0255,,,2363,792,368,354,46,3
2006,Ohio,891209,151098,3179,0.0210393254708864,,,1872,713,302,251,34,7
2007,Ohio,888331,169955,3040,0.0178870875388384,,,1800,638,301,247,39,15
2008,Ohio,888059,166554,2801,0.0168173685669899,,,1650,619,256,244,24,8
2009,Ohio,887483,145256,1868,0.0129,,,1057,424,184,160,33,10
2010,Ohio,866996,142290,1314,0.0092,11310,12624,723,324,126,121,16,4
2011,Ohio,856237,149886,1640,0.0109416488558054,9836,11477,963,346,161,140,27,3
2012,Ohio,845811,154556,1741,0.0112645253539085,9658,11399,995,374,185,159,24,4
2013,Ohio,840452,156966,1462,0.00931411888450384,8602,10064,870,305,132,132,19,4
2014,Ohio,838137,151713,1444,0.00951797142624855,7604,9048,821,299,156,140,21,7
2015,Ohio,837481,133441,1269,0.00950982049107552,6346,7615,722,269,115,135,25,3
1997,Oklahoma,275375,9183,342,0.0372,,,233,57,20,31,1,0
1998,Oklahoma,276764,7550,164,0.0217,,,107,28,16,10,3,0
1999,Oklahoma,278461,8630,127,0.0147,,,81,20,8,17,1,0
2000,Oklahoma,283208,9483,154,0.0162,,,103,36,9,6,0,0
2001,Oklahoma,283596,11842,145,0.0122,,,88,32,11,13,1,0
2002,Oklahoma,283596,12781,145,0.0113,,,80,39,11,12,2,1
2003,Oklahoma,292379,13069,152,0.0116,,,97,32,12,11,0,0
2004,Oklahoma,293972,14730,146,0.0099,,,91,31,7,15,2,0
2005,Oklahoma,297963,22501,225,0.01,,,143,39,22,20,1,0
2006,Oklahoma,305307,27021,211,0.0078087413493209,,,137,42,19,13,0,0
2007,Oklahoma,312372,21862,177,0.00809624046087265,,,101,39,18,19,0,0
2008,Oklahoma,316420,22839,129,0.00564823346212506,,,68,27,19,13,0,2
2009,Oklahoma,323421,38615,183,0.0047,,,109,43,14,14,3,0
2010,Oklahoma,316500,40597,147,0.0036,1639,1786,84,32,16,13,1,1
2011,Oklahoma,317618,40108,160,0.00398922897875309,1700,1860,87,35,19,18,1,0
2012,Oklahoma,317666,39856,181,0.00454134913161397,1402,1583,102,44,15,16,4,0
2013,Oklahoma,319283,41356,190,0.00459425477311015,1134,1324,118,38,18,12,4,0
2014,Oklahoma,320390,42086,211,0.00501354364678264,978,1189,142,40,18,11,0,0
2015,Oklahoma,322132,40646,164,0.00403483724221587,1049,1213,103,34,10,15,2,0
1997,Oregon,257876,4928,80,0.0162,,,51,11,10,7,1,0
1998,Oregon,261090,5766,100,0.0173,,,59,23,10,8,0,0
1999,Oregon,263482,6166,112,0.0182,,,71,26,9,5,1,0
2000,Oregon,268083,6887,108,0.0157,,,71,20,6,9,0,2
2001,Oregon,269102,8817,96,0.0109,,,57,21,10,7,0,1
2002,Oregon,269102,10917,94,0.0086,,,50,25,8,9,2,0
2003,Oregon,271653,11446,98,0.0086,,,56,23,10,7,0,2
2004,Oregon,271142,13147,70,0.0053,,,43,14,7,5,1,0
2005,Oregon,274128,12112,69,0.0057,,,45,15,5,4,0,0
2006,Oregon,282299,12314,68,0.00552216988793243,,,41,13,7,6,1,0
2007,Oregon,287031,13396,56,0.00418035220354795,,,39,9,5,3,0,0
2008,Oregon,291910,12615,55,0.00435988884419203,,,32,12,2,8,0,1
2009,Oregon,295456,14667,53,0.0036,,,30,13,6,4,0,0
2010,Oregon,284723,14921,48,0.0032,391,439,25,8,7,7,0,1
2011,Oregon,283300,13782,37,0.00268466118723154,315,352,24,6,5,2,0,0
2012,Oregon,280534,13671,31,0.0022675737272948,348,379,17,8,4,2,0,0
2013,Oregon,278438,12357,15,0.00121388689149171,344,359,8,6,0,1,0,0
2014,Oregon,278663,12041,14,0.00116269406862557,299,313,10,4,0,0,0,0
2015,Oregon,279371,12162,15,0.00123334978707135,267,282,10,2,2,1,0,0
1997,Pennsylvania,895951,35567,8602,0.2419,,,3658,2546,1258,1023,99,18
1998,Pennsylvania,877252,45020,9011,0.2002,,,4701,2296,1038,892,71,13
1999,Pennsylvania,864659,64994,6309,0.0971,,,3249,1634,710,649,61,6
2000,Pennsylvania,884030,75877,6936,0.0914,,,3693,1721,766,700,55,1
2001,Pennsylvania,884426,47148,4438,0.0941,,,2412,1007,446,477,85,11
2002,Pennsylvania,884426,54985,5411,0.0984,,,3111,1281,563,413,36,7
2003,Pennsylvania,864192,81664,6646,0.0814,,,4354,1314,499,425,49,5
2004,Pennsylvania,868167,123111,6756,0.0549,,,4247,1372,511,535,68,23
2005,Pennsylvania,870381,144868,6761,0.0467,,,3944,1401,645,651,94,26
2006,Pennsylvania,884629,146453,6597,0.0450451680743993,,,4156,1189,595,553,83,21
2007,Pennsylvania,889347,142946,4527,0.0316693000495434,,,2675,980,371,432,56,13
2008,Pennsylvania,894631,149095,3990,0.0267614610493183,,,2390,852,336,341,50,21
2009,Pennsylvania,896565,157104,3505,0.0223100613802671,,,2069,723,304,343,53,13
2010,Pennsylvania,877769,158487,3150,0.0198754463344812,17804,20955,1836,741,270,246,44,13
2011,Pennsylvania,875248,157642,2892,0.0183453653007746,14548,17440,1676,619,279,270,41,7
2012,Pennsylvania,870401,154623,2502,0.0161812920123339,12270,14772,1431,573,231,223,34,10
2013,Pennsylvania,865120,146930,2031,0.013822908513248,11330,13361,1193,445,150,201,36,6
2014,Pennsylvania,863080,140241,1808,0.0128920925781131,10175,11983,1071,393,142,180,19,3
2015,Pennsylvania,862150,19763,316,0.0159894749522209,1450,1766,204,61,20,29,2,0
1997,Rhode Island,77157,33749,2972,0.0881,,,1706,675,299,260,29,3
1998,Rhode Island,75134,34000,2526,0.0743,,,1558,521,215,196,23,13
1999,Rhode Island,75194,34230,2344,0.0685,,,1474,477,184,184,22,3
2000,Rhode Island,77648,33826,2057,0.0608,,,1274,425,163,171,22,2
2001,Rhode Island,77859,34751,2029,0.0584,,,1267,404,178,167,11,2
2002,Rhode Island,77859,34661,1774,0.0512,,,1175,352,121,114,11,1
2003,Rhode Island,76577,34356,1340,0.039,,,881,279,92,82,6,0
2004,Rhode Island,76185,31132,1213,0.039,,,803,251,83,65,10,1
2005,Rhode Island,74604,34618,1011,0.0292044598609209,,,665,196,74,69,4,3
2006,Rhode Island,73945,34524,812,0.0235198698937893,,,525,163,65,55,4,0
2007,Rhode Island,73262,33662,637,0.0189234148710966,,,411,121,53,45,7,0
2008,Rhode Island,72937,31835,511,0.0160515159368515,,,349,96,38,26,2,0
2009,Rhode Island,72697,29530,455,0.0154,,,319,89,36,11,0,0
2010,Rhode Island,69386,28282,373,0.0132,2347,2720,244,71,32,24,2,0
2011,Rhode Island,68344,28239,291,0.0103048970922828,1792,2083,201,53,13,20,3,1
2012,Rhode Island,67551,28325,252,0.00889673456549645,1582,1834,169,41,21,19,2,0
2013,Rhode Island,66847,27643,229,0.00828419532626867,1270,1499,137,57,15,18,1,1
2014,Rhode Island,66615,26854,217,0.00808073300868273,1157,1374,145,44,15,12,1,0
2015,Rhode Island,66500,26345,232,0.00880622491240501,1122,1354,149,54,16,11,2,0
1997,Tennessee,1928518,36546,1079,0.0295244343578815,,,739,202,76,56,5,1
1998,Tennessee,439093,9006,689,0.0765045508742332,,,455,141,55,34,4,0
1999,Tennessee,440669,9544,644,0.0674769505858421,,,447,123,34,34,6,0
2000,Tennessee,451483,12561,372,0.0296154767274857,,,239,91,28,13,1,0
2001,Tennessee,455140,37109,403,0.0108598992228508,,,246,85,35,30,5,2
2002,Tennessee,457351,57012,479,0.00840174034237862,,,311,97,21,46,2,2
2003,Tennessee,464924,48711,297,0.00609718542546034,,,176,71,30,17,3,0
2004,Tennessee,470610,47319,272,0.00574821932241321,,,177,53,26,15,1,0
2005,Tennessee,478082,56243,251,0.00446277763694525,,,139,60,32,18,1,1
2006,Tennessee,487274,61517,257,0.00417770678177476,,,154,50,21,28,1,3
2007,Tennessee,493904,9544,49,0.00513411592692137,,,30,11,5,3,0,0
2008,Tennessee,N/A,N/A,N/A,N/A,,,N/A,N/A,N/A,N/A,N/A,N/A
2009,Tennessee,N/A,N/A,N/A,N/A,,,N/A,N/A,N/A,N/A,N/A,N/A
2010,Tennessee,489413,72646,140,0.00192715355660766,3271,3411,89,27,16,7,1,0
2011,Tennessee,486120,69901,132,0.00188838504254818,2504,2636,75,30,11,14,1,1
2012,Tennessee,485608,71569,133,0.0018583465134725,2602,2735,79,24,14,15,1,0
2013,Tennessee,483511,84839,116,0.00136729574296623,1758,1874,77,16,11,10,2,0
2014,Tennessee,484242,84223,114,0.00135354953818023,1456,1570,60,27,10,13,4,0
2015,Tennessee,485742,83397,98,0.00117510219570249,1122,1220,60,17,7,13,0,1
1997,Texas,1928518,1286,50,0.0389,,,36,9,3,0,2,0
1998,Texas,1950129,877,24,0.0274,,,15,5,3,1,0,0
1999,Texas,1963136,960,61,0.0635,,,16,8,18,17,1,1
2000,Texas,1948297,12380,352,0.0284,,,160,92,45,50,4,1
2001,Texas,1960424,172397,1741,0.0101,,,1070,346,158,151,12,4
2002,Texas,1960424,209081,2199,0.0105,,,1391,445,171,169,20,3
2003,Texas,2113720,251816,1984,0.0079,,,1252,381,171,163,16,1
2004,Texas,2171911,297517,1674,0.0056,,,1026,325,177,128,16,2
2005,Texas,2233908,277468,1404,0.0051,,,805,287,168,135,7,2
2006,Texas,2340853,759233,3531,0.00465074621361295,,,2088,758,346,306,26,7
2007,Texas,2389871,747340,2474,0.00331040751188993,,,1423,525,260,236,27,3
2008,Texas,2440026,665554,1826,0.00274357898160815,,,1050,376,195,170,34,1
2009,Texas,2483090,685317,1845,0.00269218487665057,,,1090,422,154,148,24,7
2010,Texas,2315927,363338,945,0.00260088406503201,9834,10779,546,212,69,107,8,3
2011,Texas,2328028,213534,550,0.00257570226676762,5143,5693,312,110,60,59,9,0
2012,Texas,2334416,N/A,N/A,N/A,N/A,N/A,N/A,N/A,N/A,N/A,N/A,N/A
2013,Texas,2342070,N/A,N/A,N/A,N/A,N/A,N/A,N/A,N/A,N/A,N/A,N/A
2014,Houston only,2364850,184,2,0.0108695654198527,5,7,0,0,1,1,0,0
2015,Houston only,2389335,N/A,N/A,N/A,N/A,N/A,N/A,N/A,N/A,N/A,N/A,N/A
1997,Vermont,41322,6746,307,0.0455084494515268,,,188,73,23,22,1,0
1998,Vermont,39917,6257,240,0.0383570401150711,,,143,51,26,14,6,0
1999,Vermont,39042,6186,169,0.0273197542838668,,,95,35,25,14,0,0
2000,Vermont,41671,6433,177,0.027514378983367,,,104,47,11,14,1,0
2001,Vermont,40731,6475,145,0.0223938223938224,,,76,42,17,8,2,0
2002,Vermont,40102,6744,148,0.0219454329774614,,,91,30,14,12,1,0
2003,Vermont,39759,6867,137,0.0199504878403961,,,79,28,15,13,2,0
2004,Vermont,39804,8820,152,0.0172335600907029,,,82,43,16,10,1,0
2005,Vermont,39508,8924,120,0.0134468848050202,,,72,32,5,9,2,0
2006,Vermont,39372,9235,119,0.0128857606930157,,,71,28,6,7,0,7
2007,Vermont,39250,9367,93,0.00992847234010696,,,59,19,9,6,0,0
2008,Vermont,39243,9773,86,0.00879975408315659,,,53,24,6,3,0,0
2009,Vermont,39140,10507,62,0.0059,,,36,15,7,2,2,0
2010,Vermont,38743,10004,66,0.0066,987,1053,41,16,3,6,0,0
2011,Vermont,38364,10085,69,0.0068418444134295,987,1056,37,15,5,8,2,2
2012,Vermont,37831,10141,66,0.00650823395699263,877,943,42,11,5,7,1,0
2013,Vermont,37356,7640,39,0.00510471221059561,601,640,20,7,6,5,1,0
2014,Vermont,37099,8715,52,0.00596672389656305,543,595,29,9,7,6,1,0
2015,Vermont,36857,9859,42,0.00426006689667702,543,585,27,8,4,3,0,0
1997,Virginia,542983,12905,868,0.0673,,,415,226,115,103,6,3
1998,Virginia,542156,23863,942,0.0395,,,481,239,111,86,24,1
1999,Virginia,542731,24388,501,0.0205,,,266,143,58,29,5,0
2000,Virginia,557736,25786,617,0.0239,,,369,141,47,57,3,0
2001,Virginia,560065,39771,470,0.0118,,,238,112,56,52,12,0
2002,Virginia,560065,51459,560,0.0109,,,314,123,51,62,10,0
2003,Virginia,581570,51444,410,0.008,,,222,95,46,41,5,1
2004,Virginia,594940,67128,597,0.0089,,,392,101,56,39,9,0
2005,Virginia,606125,69630,529,0.0076,,,347,104,35,36,6,1
2006,Virginia,620605,82596,538,0.00651363262143445,,,349,97,41,43,8,0
2007,Virginia,626398,85046,466,0.005479387473315,,,281,95,46,42,1,1
2008,Virginia,631070,90978,413,0.00453955912962556,,,261,85,29,35,3,0
2009,Virginia,638237,102144,440,0.00430764397606254,,,299,70,29,34,8,0
2010,Virginia,611895,100489,338,0.00336355227045715,3757,4095,204,60,36,34,4,0
2011,Virginia,615148,98474,279,0.00283323531039059,3138,3417,164,47,34,29,5,0
2012,Virginia,616529,N/A,N/A,N/A,N/A,N/A,N/A,N/A,N/A,N/A,N/A,N/A
2013,Virginia,616342,N/A,N/A,N/A,N/A,N/A,N/A,N/A,N/A,N/A,N/A,N/A
2014,Virginia,617592,N/A,N/A,N/A,N/A,N/A,N/A,N/A,N/A,N/A,N/A,N/A
2015,Virginia,618830,N/A,N/A,N/A,N/A,N/A,N/A,N/A,N/A,N/A,N/A,N/A
1997,Washington,466597,3715,38,0.0102,,,21,4,6,7,0,0
1998,Washington,469215,3278,40,0.0122,,,25,8,2,5,0,0
1999,Washington,469925,3117,28,0.009,,,16,3,4,4,1,0
2000,Washington,475456,3617,40,0.0111,,,19,4,9,6,1,1
2001,Washington,477458,3491,32,0.0092,,,19,4,3,5,1,0
2002,Washington,477458,6606,42,0.0064,,,20,15,1,6,0,0
2003,Washington,479096,5581,31,0.0056,,,13,12,2,3,1,0
2004,Washington,483900,4716,31,0.0066,,,21,8,2,0,0,0
2005,Washington,487277,4831,36,0.0075,,,21,6,1,6,2,0
2006,Washington,505604,4844,30,0.00619322873658134,,,16,5,4,4,1,0
2007,Washington,515374,N/A,N/A,N/A,,,N/A,N/A,N/A,N/A,N/A,N/A
2008,Washington,527089,12130,37,0.0030502884183079,,,24,7,2,4,0,0
2009,Washington,538111,15888,44,0.0027693856973201,,,21,9,9,4,1,0
2010,Washington,526207,18111,42,0.00231903255917132,505,547,26,8,5,3,0,0
2011,Washington,531361,16383,25,0.00152597203850746,369,394,16,4,3,2,0,0
2012,Washington,532425,17710,18,0.00101637491025031,443,461,8,5,1,4,0,0
2013,Washington,533822,N/A,N/A,N/A,N/A,N/A,N/A,N/A,N/A,N/A,N/A,N/A
2014,Washington,536205,N/A,N/A,N/A,N/A,N/A,N/A,N/A,N/A,N/A,N/A,N/A
2015,Washington,538927,N/A,N/A,N/A,N/A,N/A,N/A,N/A,N/A,N/A,N/A,N/A
1997,West Virginia,126536,11637,263,0.0226,,,169,53,23,15,3,0
1998,West Virginia,124234,10483,237,0.0226,,,150,56,18,12,1,0
1999,West Virginia,122311,9571,167,0.0174,,,112,35,13,6,1,0
2000,West Virginia,122919,11753,173,0.0147,,,115,36,12,9,0,1
2001,West Virginia,122793,12194,147,0.0121,,,89,33,15,9,1,0
2002,West Virginia,122793,13649,149,0.0109,,,98,28,13,9,1,0
2003,West Virginia,122919,14661,160,0.0109,,,93,26,21,18,1,1
2004,West Virginia,124498,14933,157,0.0105,,,101,35,14,6,1,0
2005,West Virginia,125265,14135,118,0.0083,,,82,19,11,5,1,0
2006,West Virginia,126125,13272,114,0.00858951175406872,,,69,24,9,12,0,0
2007,West Virginia,127078,12217,102,0.00834902189671993,,,62,18,9,10,3,0
2008,West Virginia,127519,13205,100,0.00757288932800293,,,67,18,7,8,0,0
2009,West Virginia,127500,12623,101,0.008,,,70,13,12,5,1,0
2010,West Virginia,125045,10963,78,0.0071,734,812,47,15,8,8,0,0
2011,West Virginia,124600,11710,68,0.00580700254067779,586,654,40,17,5,6,0,0
2012,West Virginia,124290,11428,61,0.00533776683732867,535,596,32,14,8,6,1,0
2013,West Virginia,123897,11901,44,0.00369716831482947,459,503,28,11,3,2,0,0
2014,West Virginia,123913,1430,14,0.0097902100533247,62,76,6,4,3,1,0,0
2015,West Virginia,124195,9784,68,0.00695012276992202,318,386,44,16,3,4,0,1
1997,Wisconsin,405409,68464,7010,0.1024,,,3681,1794,781,677,64,13
1998,Wisconsin,403252,69590,5334,0.0766,,,2972,1299,532,480,44,7
1999,Wisconsin,401769,70686,4567,0.0646,,,2581,1132,417,397,36,4
2000,Wisconsin,414337,70382,3910,0.0556,,,2325,807,389,351,28,10
2001,Wisconsin,415154,79225,3659,0.0462,,,2159,823,344,295,33,5
2002,Wisconsin,415154,81608,3363,0.0412,,,2057,705,299,266,32,4
2003,Wisconsin,416392,80946,2817,0.0348,,,1667,653,242,233,20,2
2004,Wisconsin,419520,83665,2512,0.03,,,1564,554,195,180,17,2
2005,Wisconsin,420921,82126,2221,0.027,,,1377,472,192,160,16,4
2006,Wisconsin,426108,82002,1596,0.0194629399282944,,,973,334,149,125,11,4
2007,Wisconsin,429850,92771,1583,0.0170635227113962,,,958,355,125,133,11,1
2008,Wisconsin,433259,96429,1334,0.0138340126723051,,,801,280,126,107,20,0
2009,Wisconsin,436106,101316,1176,0.0116,10453,11629,712,255,97,101,9,2
2010,Wisconsin,431404,95048,982,0.0103,8190,9172,566,210,92,102,10,2
2011,Wisconsin,427077,89703,890,0.00992162991315126,6801,7691,514,182,92,92,9,1
2012,Wisconsin,422592,98628,908,0.0092063108459115,6121,7029,491,194,107,98,12,6
2013,Wisconsin,418059,94573,765,0.00808898918330669,5288,6053,454,139,76,83,11,2
2014,Wisconsin,414767,89148,683,0.00766141712665558,4255,4938,382,139,68,83,10,1
2015,Wisconsin,411908,84539,648,0.00766510143876076,3962,4610,343,147,52,88,13,5
1997,U.S. Totals,23345397,1611569,122641,0.0761,,,67793,28312,13473,11693,1170,200
1998,U.S. Totals,23143133,1761674,114571,0.065,,,66305,25636,11498,9896,1076,160
1999,U.S. Totals,23023683,1875500,94292,0.0503,,,55538,20782,9120,7903,839,110
2000,U.S. Totals,23304631,2216700,87782,0.0396,,,51639,18921,8512,7748,814,148
2001,U.S. Totals,23380551,2538008,76992,0.0303,,,45856,16502,7060,6647,800,127
2002,U.S. Totals,23380855,2652964,67914,0.0256,,,41160,14592,5958,5475,628,101
2003,U.S. Totals,23612242,3092229,70236,0.0227,,,43214,14301,5760,5496,601,864
2004,U.S. Totals,23903723,3250848,57204,0.0176,,,34996,11490,4612,4363,532,1211
2005,U.S. Totals,24204520,3529634,54051,0.0153,,,32594,10743,4628,4467,502,1117
2006,U.S. Totals,24740680,4168544,50117,0.0120226630689277,,,31250,10242,4353,4004,477,88
2007,U.S. Totals,25004927,3980954,37289,0.00936685036867857,,,22571,7700,3336,3207,407,68
2008,U.S. Totals,25279376,4310140,31172,0.007232247851789,,,18794,6501,2800,2665,342,70
2009,U.S. Totals,25485229,4375356,26569,0.0061,,,15960,5514,2334,2366,339,56
2010,U.S. Totals,24258220,4286833,25617,0.00597982760518789,256819,282434,15118,5426,2311,2393,318,51
2011,U.S. Totals,24452138,4070635,22152,0.0054419026710093,202666,224820,12996,4623,2141,2061,302,29
2012,U.S. Totals,24324502,2938161,17132,0.00606999127194285,137055,154156,10156,3564,1592,1594,201,49
2013,U.S. Totals,24209230,2418668,12706,0.00544093456119299,88677,101383,7618,2633,1074,1179,164,28
2014,U.S. Totals,24205138,2675145,13265,0.00532796373590827,87528,100775,7904,2804,1199,1191,138,29
2015,U.S. Totals,24219632,2415604,11681,0.0049918876029551,68274,79957,6947,2391,1013,1134,173,23
